Step,Training Loss,Validation Loss
3900,1.053986,1.008908
7800,1.020295,1.027809
11700,0.961826,0.934421
15600,0.934178,0.887691
19500,0.924068,0.879355
23400,0.654565,0.929555
27300,0.647949,0.910122
31200,0.646867,0.897998
35100,0.651072,0.905531
39000,0.677483,0.903237